Location,Total_TWh,Coal,Gas,Other_Fossil,Nuclear,Hydro,Wind,Solar,Biofuels,Other_Renewable
China,10579.70,5773.02,317.94,88.71,487.35,1395.70,1135.44,1174.92,206.62,
United States,4519.79,737.15,1807.34,31.72,784.78,241.70,464.39,388.82,46.19,17.70
India,2081.60,1474.15,48.54,4.10,53.83,177.97,103.98,195.99,23.04,
Russia,1192.79,219.52,533.17,14.47,218.65,199.73,3.64,2.84,0.77,
Japan,1029.86,330.08,337.57,25.39,94.09,73.90,12.85,101.06,54.92,
Brazil,750.53,17.19,54.85,12.65,15.87,388.63,117.58,88.64,55.12,
Canada,652.43,26.05,116.61,7.61,85.32,344.74,51.48,10.17,10.45,
South Korea,624.66,194.53,174.58,5.95,184.67,3.80,3.64,37.80,19.69,
France,570.17,1.74,17.25,10.36,392.07,59.41,46.49,32.01,10.27,0.57
Germany,500.47,103.15,82.67,18.91,,19.56,136.03,89.62,50.53,
Saudi Arabia,454.64,,287.98,156.84,,,1.59,8.23,,
Iran,395.78,0.73,354.39,18.10,7.35,13.03,1.25,0.90,0.03,
Indonesia,371.54,228.43,68.78,7.12,,27.29,0.47,1.35,21.33,16.77
Mexico,356.97,10.88,219.92,33.58,10.16,28.75,21.38,26.34,5.96,
Turkey,353.86,121.40,78.36,1.03,,57.27,39.42,37.25,8.48,10.65
Vietnam,309.99,149.24,19.34,0.62,,102.35,14.37,23.04,1.03,
United Kingdom,292.31,0.33,90.91,12.77,36.38,5.55,85.84,19.32,41.21,
Taiwan,288.39,104.55,140.66,4.63,3.25,5.51,12.01,15.68,2.10,
Spain,287.89,0.92,62.06,10.03,54.07,32.74,58.76,62.90,6.41,
Australia,286.34,122.35,47.05,6.36,,12.22,39.23,56.09,3.04,
Italy,264.70,3.73,125.05,6.81,,41.70,21.48,44.63,15.61,5.69
Egypt,245.71,,195.65,18.08,,15.07,9.30,7.61,,
South Africa,242.76,197.50,,1.95,10.21,1.83,11.32,19.48,0.47,
Malaysia,201.09,89.60,67.89,2.07,,35.24,,4.51,1.78,
