Country,2000,2001,2002,2003,2004,2005,2006,2007,2008,2009,2010,2011,2012,2013,2014,2015,2016,2017,2018,2019,2020,2021,2022,2023
Australia,79.23,79.63,79.94,80.24,80.49,80.84,81.04,81.29,81.4,81.54,81.7,81.9,82.05,82.15,82.3,82.4,82.45,82.5,82.75,82.9,83.2,83.3,83.2,83.05
Brazil,69.58,69.98,70.4,70.88,71.36,71.83,72.3,72.73,73.11,73.46,73.78,74.05,74.34,74.61,74.82,75.11,75.08,75.38,75.63,75.81,74.51,73.04,74.87,75.85
Canada,79.17,79.4,79.53,79.72,79.99,80.11,80.54,80.54,80.72,81.07,81.32,81.48,81.66,81.74,81.78,81.83,81.94,81.81,81.8,82.16,81.53,81.45,81.09,81.63
China,72.29,72.68,73.03,73.39,73.73,74.09,74.4,74.79,74.83,75.32,75.67,75.89,76.2,76.45,76.71,76.98,77.21,77.24,77.71,77.94,78.02,78.12,78.2,77.95
Germany,77.93,78.33,78.23,78.38,78.68,78.93,79.13,79.53,79.74,79.84,79.99,80.44,80.54,80.49,81.09,80.64,80.99,80.99,80.89,81.29,81.04,80.79,80.61,81.04
Egypt,67.33,67.61,67.85,68.05,68.21,68.36,68.49,68.63,68.76,68.92,69.08,69.23,69.46,69.63,69.91,70.14,70.44,70.71,70.97,71.21,69.79,68.98,71.01,71.63
Spain,78.97,79.37,79.57,79.62,79.87,80.17,80.82,80.87,81.18,81.48,81.63,82.48,82.43,83.08,83.23,82.83,83.33,83.28,83.43,83.83,82.23,83.18,83.13,83.93
France,79.06,79.16,79.26,79.11,80.16,80.16,80.81,81.11,81.21,81.41,81.66,82.11,81.97,82.22,82.72,82.32,82.57,82.58,82.68,82.83,82.18,82.32,82.13,82.83
United Kingdom,77.74,77.99,78.14,78.45,78.75,79.05,79.25,79.45,79.6,80.05,80.4,80.95,80.9,81.0,81.3,80.96,81.16,81.26,81.26,81.37,80.33,80.65,81.01,81.24
Indonesia,66.29,66.58,66.95,67.13,65.52,67.53,67.66,67.91,68.09,68.27,68.36,68.63,68.86,69.06,69.29,69.52,69.73,69.95,70.08,70.35,68.82,67.45,70.93,71.15
India,62.75,63.16,63.65,64.09,64.48,64.94,65.37,65.8,66.25,66.7,67.16,67.62,68.08,68.5,68.93,69.33,69.71,70.07,70.42,70.75,70.16,67.28,71.7,72.0
Italy,79.78,80.13,80.23,79.98,80.78,80.78,81.28,81.43,81.49,81.64,82.04,82.19,82.24,82.69,83.09,82.54,83.24,82.95,83.35,83.5,82.2,82.65,82.7,83.35
Japan,81.08,81.42,81.69,81.76,82.03,81.96,82.32,82.51,82.59,82.93,82.84,82.59,83.1,83.33,83.59,83.79,83.98,84.1,84.21,84.36,84.56,84.45,84.0,84.04
Kenya,56.08,56.5,56.76,57.37,57.95,58.51,59.06,59.41,59.96,60.48,60.92,61.28,61.54,61.73,61.99,62.28,62.53,62.73,62.83,62.94,61.6,61.23,63.55,63.65
South Korea,75.91,76.41,76.77,77.21,77.67,78.17,78.67,79.12,79.52,79.97,80.12,80.57,80.82,81.27,81.72,82.02,82.28,82.63,82.63,83.23,83.43,83.53,82.68,83.43
Mexico,72.24,72.68,72.97,73.26,73.43,73.63,73.75,73.8,73.7,73.63,73.72,73.92,74.13,74.29,74.4,74.43,74.38,74.26,74.3,74.53,70.45,69.75,73.97,75.07
