Team,Rsh_TD,Rec_TD,Tot_TD,Two_PT
Bills,10,6,16,0
49ers,5,11,16,0
Bears,9,4,13,0
Ravens,8,6,14,0
Seahawks,3,10,13,0
Lions,5,9,14,0
Chiefs,5,9,14,0
Cowboys,6,8,14,1
Colts,7,3,10,0
Panthers,4,9,14,0
Cardinals,3,6,9,0
Texans,4,5,9,0
Jaguars,4,8,12,0
Raiders,1,11,12,1
Rams,4,6,10,0
Saints,2,8,10,1
Bengals,2,7,10,0
Commanders,1,8,10,0
Eagles,2,7,9,0
Jets,3,5,8,1
Browns,2,6,8,1
Broncos,2,5,8,3
Giants,1,6,8,1
Packers,0,8,8,0
Steelers,0,7,8,1
Chargers,3,4,7,0
Buccaneers,3,3,7,0
Vikings,2,4,7,1
Patriots,2,4,7,1
Titans,3,3,6,1
Falcons,3,2,5,1
Dolphins,3,1,4,0
